<?xml version="1.0"?>
<doc>
    <assembly>
        <name>UPC.APIBusiness.API</name>
    </assembly>
    <members>
        <member name="T:API.AppSettingsProvider">
            <summary>
            AppSettingsProvider
            </summary>
        </member>
        <member name="P:API.AppSettingsProvider.config">
            <summary>
            config
            </summary>
        </member>
        <member name="T:API.ConfigSettings">
            <summary>
            Clase para datos de configuracion
            Author: James Huiza
            Date: 01 Enero 2021
            </summary>
        </member>
        <member name="P:API.ConfigSettings.ApplicationName">
            <summary>
            
            </summary>
        </member>
        <member name="P:API.ConfigSettings.ApplicationType">
            <summary>
            
            </summary>
        </member>
        <member name="P:API.ConfigSettings.OrganizationName">
            <summary>
            
            </summary>
        </member>
        <member name="P:API.ConfigSettings.Version">
            <summary>
            
            </summary>
        </member>
        <member name="P:API.ConfigSettings.CircuitBreak">
            <summary>
            
            </summary>
        </member>
        <member name="T:API.CircuitBreak">
            <summary>
            CircuitBreaker
            </summary>
        </member>
        <member name="P:API.CircuitBreak.HandledEventsAllowed">
            <summary>
            
            </summary>
        </member>
        <member name="P:API.CircuitBreak.DurationOfBreakCircuit">
            <summary>
            
            </summary>
        </member>
        <member name="P:API.CircuitBreak.RetryCount">
            <summary>
            
            </summary>
        </member>
        <member name="P:API.CircuitBreak.SleepDuration">
            <summary>
            
            </summary>
        </member>
        <member name="P:API.CircuitBreak.HandlerLifetime">
            <summary>
            
            </summary>
        </member>
        <member name="T:API.CustomErrorException">
            <summary>
            Clase para el detalle de los errores en el Middleware
            Author: James Huiza
            Date: 01 Enero 2021
            </summary>
        </member>
        <member name="P:API.CustomErrorException.StatusCode">
            <summary>
            Status de la llamada
            </summary>
        </member>
        <member name="P:API.CustomErrorException.Message">
            <summary>
            Mensaje de error
            </summary>
        </member>
        <member name="P:API.CustomErrorException.Details">
            <summary>
             Detalles
            </summary>
        </member>
        <member name="P:API.CustomErrorException.Type">
            <summary>
             Tipo de Error
            </summary>
        </member>
        <member name="P:API.CustomErrorException.Instance">
            <summary>
             Instancia
            </summary>
        </member>
        <member name="M:API.CustomErrorException.ToString">
            <summary>
            Override para serializar la clase
            </summary>
            <returns></returns>
        </member>
        <member name="T:API.Detail">
            <summary>
            Detalle Técnico de Error
            </summary>
        </member>
        <member name="P:API.Detail.Stack">
            <summary>
             Tipo de Stack
            </summary>
        </member>
        <member name="P:API.Detail.Code">
            <summary>
             Tipo de Code
            </summary>
        </member>
        <member name="P:API.Detail.Object">
            <summary>
             Tipo de Object
            </summary>
        </member>
        <member name="T:API.ErrorHandlingMiddleware">
            <summary>
            ErrorHandlingMiddleware
            </summary>
        </member>
        <member name="M:API.ErrorHandlingMiddleware.#ctor(Microsoft.AspNetCore.Http.RequestDelegate)">
            <summary>
            ErrorHandlingMiddleware constructor
            </summary>
            <param name="next"></param>
        </member>
        <member name="M:API.ErrorHandlingMiddleware.Invoke(Microsoft.AspNetCore.Http.HttpContext)">
            <summary>
            Task Invoke
            </summary>
            <param name="context"></param>
            <returns></returns>
        </member>
        <member name="M:API.ErrorHandlingMiddleware.HandleExceptionAsync(Microsoft.AspNetCore.Http.HttpContext,System.Exception)">
            <summary>
            HandleExceptionAsync
            </summary>
            <param name="context"></param>
            <param name="ex"></param>
            <returns></returns>
        </member>
        <member name="T:API.NotFoundException">
            <summary>
            
            </summary>
        </member>
        <member name="M:API.NotFoundException.#ctor">
            <summary>
            
            </summary>
        </member>
        <member name="M:API.NotFoundException.#ctor(System.String)">
            <summary>
            
            </summary>
            <param name="detail"></param>
        </member>
        <member name="T:API.UnauthorizedException">
            <summary>
            
            </summary>
        </member>
        <member name="M:API.UnauthorizedException.#ctor">
            <summary>
            
            </summary>
        </member>
        <member name="M:API.UnauthorizedException.#ctor(System.String)">
            <summary>
            
            </summary>
            <param name="detail"></param>
        </member>
        <member name="T:API.BadRequestException">
            <summary>
            
            </summary>
        </member>
        <member name="M:API.BadRequestException.#ctor">
            <summary>
            
            </summary>
        </member>
        <member name="M:API.BadRequestException.#ctor(System.String)">
            <summary>
            
            </summary>
            <param name="detail"></param>
        </member>
        <member name="T:API.HttpClientAuthorizationDelegatingHandler">
            <summary>
            
            </summary>
        </member>
        <member name="P:API.HttpClientAuthorizationDelegatingHandler._configuration">
            <summary>
            
            </summary>
        </member>
        <member name="M:API.HttpClientAuthorizationDelegatingHandler.#ctor(Microsoft.AspNetCore.Http.IHttpContextAccessor,Microsoft.Extensions.Configuration.IConfiguration)">
            <summary>
            
            </summary>
            <param name="httpContextAccesor"></param>
            <param name="configuration"></param>
        </member>
        <member name="M:API.HttpClientAuthorizationDelegatingHandler.SendAsync(System.Net.Http.HttpRequestMessage,System.Threading.CancellationToken)">
            <summary>
            
            </summary>
            <param name="request"></param>
            <param name="cancellationToken"></param>
            <returns></returns>
        </member>
        <member name="T:API.Startup">
            <summary>
            /
            </summary>
        </member>
        <member name="M:API.Startup.#ctor(Microsoft.Extensions.Configuration.IConfiguration)">
            <summary>
            
            </summary>
            <param name="configuration"></param>
        </member>
        <member name="P:API.Startup.Configuration">
            <summary>
            
            </summary>
        </member>
        <member name="M:API.Startup.ConfigureServices(Microsoft.Extensions.DependencyInjection.IServiceCollection)">
            <summary>
            
            </summary>
            <param name="services"></param>
        </member>
        <member name="M:API.Startup.Configure(Microsoft.AspNetCore.Builder.IApplicationBuilder,Microsoft.AspNetCore.Hosting.IHostingEnvironment)">
            <summary>
            
            </summary>
            <param name="app"></param>
            <param name="env"></param>
        </member>
        <member name="T:UPC.APIBusiness.API.Controllers.ProjectController">
            <summary>
            
            </summary>
        </member>
        <member name="F:UPC.APIBusiness.API.Controllers.ProjectController._projectRepository">
            <summary>
            
            </summary>
        </member>
        <member name="M:UPC.APIBusiness.API.Controllers.ProjectController.#ctor(DBContext.IProjectRepository)">
            <summary>
            
            </summary>
            <param name="projectRepository"></param>
        </member>
        <member name="M:UPC.APIBusiness.API.Controllers.ProjectController.getProjects">
            <summary>
            
            </summary>
            <returns></returns>
        </member>
        <member name="M:UPC.APIBusiness.API.Controllers.ProjectController.insert(DBEntity.EntityProject)">
            <summary>
            
            </summary>
            <returns></returns>
        </member>
        <member name="T:UPC.Business.API.Controllers.UserController">
            <summary>
            
            </summary>
        </member>
        <member name="F:UPC.Business.API.Controllers.UserController._UserRepository">
            <summary>
            Constructor
            </summary>
        </member>
        <member name="M:UPC.Business.API.Controllers.UserController.#ctor(DBContext.IUserRepository)">
            <summary>
            
            </summary>
            <param name="UserRepository"></param>
        </member>
        <member name="M:UPC.Business.API.Controllers.UserController.Insert(DBEntity.EntityUser)">
            <summary>
            
            </summary>
            <param name="user"></param>
            <returns></returns>
        </member>
        <member name="T:UPC.E31A.APIBusiness.API.Security.AccessToken">
            <summary>
            
            </summary>
        </member>
        <member name="P:UPC.E31A.APIBusiness.API.Security.AccessToken.access_token">
            <summary>
            
            </summary>
        </member>
        <member name="P:UPC.E31A.APIBusiness.API.Security.AccessToken.token_type">
            <summary>
            
            </summary>
        </member>
        <member name="P:UPC.E31A.APIBusiness.API.Security.AccessToken.scope">
            <summary>
            
            </summary>
        </member>
        <member name="P:UPC.E31A.APIBusiness.API.Security.AccessToken.expires_in">
            <summary>
            
            </summary>
        </member>
        <member name="T:UPC.E31A.APIBusiness.API.Security.Authentication">
            <summary>
            
            </summary>
        </member>
        <member name="M:UPC.E31A.APIBusiness.API.Security.Authentication.GenerateToken(System.String,System.String)">
            <summary>
            
            </summary>
            <returns></returns>
        </member>
    </members>
</doc>
